{
  "per_tool": {
    "validate-actions": {
      "n_files": 161,
      "n_crashes": 0,
      "n_files_flagged_any": 0,
      "n_files_flagged_error": 0,
      "total_findings": 0,
      "total_errors": 0,
      "total_warnings": 0,
      "runtime_s": {
        "mean": 8.31308389057144,
        "median": 6.236895542000639,
        "p95": 18.722588291999273,
        "max": 51.31786637500045,
        "total": 1338.4065063820017
      },
      "fpr": {
        "total_files": 161,
        "errors_only": {
          "files_flagged": 0,
          "rate": 0.0
        },
        "any_severity": {
          "files_flagged": 0,
          "rate": 0.0
        }
      }
    },
    "actionlint": {
      "n_files": 161,
      "n_crashes": 0,
      "n_files_flagged_any": 79,
      "n_files_flagged_error": 79,
      "total_findings": 90,
      "total_errors": 90,
      "total_warnings": 0,
      "runtime_s": {
        "mean": 0.009241737559017374,
        "median": 0.00890391700067994,
        "p95": 0.01459191699996154,
        "max": 0.018576333000055456,
        "total": 1.487919747001797
      },
      "fpr": {
        "total_files": 161,
        "errors_only": {
          "files_flagged": 79,
          "rate": 0.4906832298136646
        },
        "any_severity": {
          "files_flagged": 79,
          "rate": 0.4906832298136646
        }
      }
    }
  }
}